INSERT INTO role (role_id, name) VALUES (1, 'ROLE_USER');
INSERT INTO role (role_id, name) VALUES (2, 'ROLE_ADMIN');

INSERT INTO booking_center (booking_center_id, name) VALUES (1, 'Abu Dhabi');

--INSERT INTO location (location_id, latitude, longitude) VALUES (1, 0, 0);
--INSERT INTO location (location_id, latitude, longitude) VALUES (2, 0, 0);

--INSERT INTO taxi (taxi_id, registration, is_available, booking_center_id, location_id) VALUES (1, '121-D-12343', true, 1, 1);
--INSERT INTO taxi (taxi_id, registration, is_available, booking_center_id, location_id) VALUES (2, '151-D-32343', false, 1, 2);

------------------------------------------------------------------------------------------------------------ dd-MM-yyyy HH:mm:ss
--INSERT INTO booking (booking_id, customer, booking_center_id, taxi_id, create_dt, assigned_dt) VALUES (1, 'Alan Apple', 1, 1, '2024-02-24 14:58:00', '2024-02-24 14:59:00');
--INSERT INTO booking (booking_id, customer, booking_center_id, taxi_id, create_dt, assigned_dt) VALUES (2, 'Barry Banana', 1, 2, '2024-02-25 16:28:24', '2024-02-25 16:28:24');
--INSERT INTO booking (booking_id, customer, booking_center_id, taxi_id, create_dt, assigned_dt) VALUES (3, 'Charlie Carrots', 1, 1, '2024-02-25 18:58:13', '2024-02-25 18:59:13');
--INSERT INTO booking (booking_id, customer, booking_center_id, taxi_id, create_dt, assigned_dt) VALUES (4, 'Dermot Dragonfruit', 1, 1, '2024-02-26 15:18:22', '2024-02-26 15:20:22');
--INSERT INTO booking (booking_id, customer, booking_center_id, taxi_id, create_dt, assigned_dt) VALUES (5, 'Emily Eggs', 1, 2, '2024-02-26 18:35:55', '2024-02-26 18:37:55');
--INSERT INTO booking (booking_id, customer, booking_center_id, taxi_id, create_dt, assigned_dt) VALUES (6, 'Frank Figrolls', 1, 2, '2024-02-26 06:28:44', '2024-02-26 06:30:44');
--INSERT INTO booking (booking_id, customer, booking_center_id, taxi_id, create_dt, assigned_dt) VALUES (7, 'Gillian Grapefruit', 1, 1, '2024-02-26 11:18:33', '2024-02-26 11:20:33');
--INSERT INTO booking (booking_id, customer, booking_center_id, taxi_id, create_dt, assigned_dt) VALUES (8, 'Harry Ham', 1, 2, '2024-02-27 14:58:12', '2024-02-27 14:59:12');